{"PX4nDJXEHrG": {"dim": [618, 0, 1026], "central_pos": [-10.650737851858139, 0.0, -3.174464225769043], "map_world_shift": [-26.097070693969727, 0.0, -28.822784423828125], "resolution": 0.05, "0": {"y_min": -4.273160659920514}, "1": {"y_min": -1.48445725440979}, "2": {"y_min": 2.1190746794837874}}, "Pm6F8kyY3z2": {"dim": [319, 0, 515], "central_pos": [0.21319997310638428, 0.0, -3.315652847290039], "map_world_shift": [-7.767019987106323, 0.0, -16.1829776763916], "resolution": 0.05, "0": {"y_min": -0.510880708694458}}, "PuKPg4mmafe": {"dim": [1009, 0, 1548], "central_pos": [-5.094428062438965, 0.0, 23.1782865524292], "map_world_shift": [-30.330087661743164, 0.0, -15.515138626098633], "resolution": 0.05, "0": {"y_min": -0.016032934188842773}}, "QUCTc6BB5sX": {"dim": [747, 0, 1060], "central_pos": [-3.0014281272888184, 0.0, -4.4703264236450195], "map_world_shift": [-21.675395965576172, 0.0, -30.977998733520508], "resolution": 0.05, "0": {"y_min": -3.245197296142578}, "1": {"y_min": -0.045197248458862305}}, "S9hNv5qa7GM": {"dim": [546, 0, 481], "central_pos": [-6.213719606399536, 0.0, 0.1403210163116455], "map_world_shift": [-19.875654220581055, 0.0, -11.894659519195557], "resolution": 0.05, "0": {"y_min": 0.11627764254808426}, "1": {"y_min": 2.7178558426765838}}, "TbHJrupSAjP": {"dim": [471, 0, 473], "central_pos": [2.000697374343872, 0.0, -5.875075876712799], "map_world_shift": [-9.77249002456665, 0.0, -17.687769889831543], "resolution": 0.05, "0": {"y_min": -2.5756006240844727}, "1": {"y_min": -0.17560052871704102}, "2": {"y_min": 3.22450809800375}}, "ULsKaCPVFJR": {"dim": [566, 0, 668], "central_pos": [4.150547027587891, 0.0, 6.593923091888428], "map_world_shift": [-10.00846004486084, 0.0, -10.106980323791504], "resolution": 0.05, "0": {"y_min": 0.08356332033872604}, "1": {"y_min": 2.883563280105591}}, "Uxmj2M2itWa": {"dim": [774, 0, 1183], "central_pos": [0.7415227890014648, 0.0, -3.5792617797851562], "map_world_shift": [-18.61374282836914, 0.0, -33.166019439697266], "resolution": 0.05, "0": {"y_min": -0.5942739248275757}}, "V2XKFyX4ASd": {"dim": [381, 0, 454], "central_pos": [4.639589577913284, 0.0, -2.823312282562256], "map_world_shift": [-4.890201985836029, 0.0, -14.169402122497559], "resolution": 0.05, "0": {"y_min": -2.8969039916992188}, "1": {"y_min": -0.29689629626020836}, "2": {"y_min": 2.503095865249634}, "3": {"y_min": 5.703768236133085}}, "VFuaQ6m2Qom": {"dim": [864, 0, 1109], "central_pos": [-7.245467662811279, 0.0, -11.609291076660156], "map_world_shift": [-28.84650993347168, 0.0, -39.32998275756836], "resolution": 0.05, "0": {"y_min": -3.7421815395355225}, "1": {"y_min": -0.7407098072515296}, "2": {"y_min": 4.058096639815635}}, "VLzqgDo317F": {"dim": [707, 0, 609], "central_pos": [-0.11734199523925781, 0.0, 5.721230745315552], "map_world_shift": [-17.78520107269287, 0.0, -9.50736379623413], "resolution": 0.05, "0": {"y_min": -3.1617259979248047}, "1": {"y_min": 2.838469934626605}}, "VVfe2KiqLaN": {"dim": [451, 0, 535], "central_pos": [3.062309980392456, 0.0, 5.486902117729187], "map_world_shift": [-8.215050220489502, 0.0, -7.879114389419556], "resolution": 0.05, "0": {"y_min": -0.047693610191345215}, "1": {"y_min": 3.352306604385376}}, "Vvot9Ly1tCj": {"dim": [910, 0, 1025], "central_pos": [1.0170764923095703, 0.0, 3.1917619705200195], "map_world_shift": [-21.74000358581543, 0.0, -22.428421020507812], "resolution": 0.05, "0": {"y_min": -0.15716147422790527}}, "X7HyMhZNoso": {"dim": [597, 0, 910], "central_pos": [3.285985231399536, 0.0, 17.713901817798615], "map_world_shift": [-11.627581119537354, 0.0, -5.047423720359802], "resolution": 0.05, "0": {"y_min": -1.7355622889286624}, "1": {"y_min": 3.2642629146575928}}, "XcA2TqTSSAj": {"dim": [556, 0, 518], "central_pos": [1.7335586547851562, 0.0, 1.0981872081756592], "map_world_shift": [-12.155749320983887, 0.0, -11.849876880645752], "resolution": 0.05, "0": {"y_min": -4.945554256439209}, "1": {"y_min": -2.745533888580589}, "2": {"y_min": -0.14469407064361492}, "3": {"y_min": 2.054446220397949}, "4": {"y_min": 2.8546533784198784}, "5": {"y_min": 5.854640076052604}}, "YmJkqBEsHnH": {"dim": [567, 0, 289], "central_pos": [-6.064590215682983, 0.0, 2.0488147735595703], "map_world_shift": [-20.23829460144043, 0.0, -5.184309959411621], "resolution": 0.05, "0": {"y_min": -0.5695839772417525}}, "Z6MFQCViBuw": {"dim": [1021, 0, 729], "central_pos": [15.636021375656128, 0.0, -5.908003330230713], "map_world_shift": [-9.896875858306885, 0.0, -24.14458656311035], "resolution": 0.05, "0": {"y_min": -0.3904736042022705}}, "ZMojNkEp431": {"dim": [816, 0, 585], "central_pos": [12.776773571968079, 0.0, -1.0641498565673828], "map_world_shift": [-7.633949041366577, 0.0, -15.684682846069336], "resolution": 0.05, "0": {"y_min": -0.7064275741577148}}, "kEZ7cmS4wCh": {"dim": [1326, 0, 852], "central_pos": [-5.80234432220459, 0.0, -0.6928672790527344], "map_world_shift": [-38.946842193603516, 0.0, -21.987323760986328], "resolution": 0.05, "0": {"y_min": -0.9136719107627869}, "1": {"y_min": 2.8872941107857177}, "2": {"y_min": 6.286328315734863}}, "mJXqzFtmKg4": {"dim": [699, 0, 987], "central_pos": [-2.247042179107666, 0.0, -6.057642936706543], "map_world_shift": [-19.711185455322266, 0.0, -30.72357749938965], "resolution": 0.05, "0": {"y_min": -0.19668081402778625}}, "oLBMNvg9in8": {"dim": [389, 0, 388], "central_pos": [0.34154343605041504, 0.0, 0.69710373878479], "map_world_shift": [-9.371264934539795, 0.0, -9.001464366912842], "resolution": 0.05, "0": {"y_min": -2.1900033950805664}, "1": {"y_min": -0.5900033712387085}, "2": {"y_min": 2.810621210756562}, "3": {"y_min": 5.809996604919434}}, "p5wJjkQkbXX": {"dim": [749, 0, 928], "central_pos": [1.2253189086914062, 0.0, -12.885204553604126], "map_world_shift": [-17.487204551696777, 0.0, -36.08042907714844], "resolution": 0.05, "0": {"y_min": -2.9887330532073975}, "1": {"y_min": -0.1884958327748013}}, "pLe4wQe7qrG": {"dim": [389, 0, 312], "central_pos": [3.4331107139587402, 0.0, -0.010785460472106934], "map_world_shift": [-6.304081916809082, 0.0, -7.807029485702515], "resolution": 0.05, "0": {"y_min": 0.07521793246269226}}, "pRbA3pwrgk9": {"dim": [349, 0, 509], "central_pos": [1.0584290027618408, 0.0, 2.1551389694213867], "map_world_shift": [-7.6681389808654785, 0.0, -10.559647560119629], "resolution": 0.05, "0": {"y_min": -2.5661959648132324}, "1": {"y_min": -1.1661958694458008}, "2": {"y_min": 1.4338040351867676}, "3": {"y_min": 6.033803939819336}}, "qoiz87JEwZ2": {"dim": [408, 0, 660], "central_pos": [-3.0057458877563477, 0.0, -11.279950380325317], "map_world_shift": [-13.20825481414795, 0.0, -27.779682159423828], "resolution": 0.05, "0": {"y_min": -3.0999975204467773}, "1": {"y_min": -0.2959940376727935}}, "r1Q1Z4BcV1o": {"dim": [995, 0, 1035], "central_pos": [-14.193846702575684, 0.0, -1.0067834854125977], "map_world_shift": [-39.06312942504883, 0.0, -26.878969192504883], "resolution": 0.05, "0": {"y_min": -0.32243497439863705}}, "r47D5H71a5s": {"dim": [676, 0, 432], "central_pos": [4.9305455684661865, 0.0, -4.645963668823242], "map_world_shift": [-11.978188037872314, 0.0, -15.454955101013184], "resolution": 0.05, "0": {"y_min": 0.0986330509185791}}, "rPc6DW4iMge": {"dim": [382, 0, 788], "central_pos": [-2.085031032562256, 0.0, 5.679427146911621], "map_world_shift": [-11.624051094055176, 0.0, -14.009429931640625], "resolution": 0.05, "0": {"y_min": -3.2405707836151123}, "1": {"y_min": -0.44041234499722653}}, "s8pcmisQ38h": {"dim": [636, 0, 360], "central_pos": [9.108042597770691, 0.0, -0.8817131519317627], "map_world_shift": [-6.8005030155181885, 0.0, -9.881217956542969], "resolution": 0.05, "0": {"y_min": -3.161674737930298}, "1": {"y_min": -0.1608969849135918}, "2": {"y_min": 2.4383254051208496}}, "sKLMLpTHeUy": {"dim": [783, 0, 443], "central_pos": [6.765370845794678, 0.0, 0.44428324699401855], "map_world_shift": [-12.80695629119873, 0.0, -10.629415512084961], "resolution": 0.05, "0": {"y_min": -2.850341320037842}, "1": {"y_min": -0.4502906740236994},