{"Allensville": {"dim": [355, 0, 337], "central_pos": [3.8679826855659485, 0.0, -3.4212359189987183], "map_world_shift": [-5.001613974571228, 0.0, -11.846487998962402], "resolution": 0.05, "0": {"y_min": 0.17848144471645355}}, "Beechwood": {"dim": [433, 0, 496], "central_pos": [-4.3025221824646, 0.0, -1.6206920146942139], "map_world_shift": [-15.11587142944336, 0.0, -14.024190902709961], "resolution": 0.05, "0": {"y_min": 0.014301702380180359}, "1": {"y_min": 2.6145370187979187}}, "Benevolence": {"dim": [271, 0, 369], "central_pos": [-0.9406119585037231, 0.0, 3.27850341796875], "map_world_shift": [-7.719213962554932, 0.0, -5.937317848205566], "resolution": 0.05, "0": {"y_min": -2.456568479537964}, "1": {"y_min": 0.1434314250946045}, "2": {"y_min": 2.34381235992509}}, "Coffeen": {"dim": [284, 0, 371], "central_pos": [1.4005014896392822, 0.0, -2.852966547012329], "map_world_shift": [-5.693634033203125, 0.0, -12.125611305236816], "resolution": 0.05, "0": {"y_min": -4.660562038421631}, "1": {"y_min": -2.659714943690603}, "2": {"y_min": -0.26038460468738805}, "3": {"y_min": 2.3395279006610625}}, "Collierville": {"dim": [268, 0, 362], "central_pos": [-0.5976270437240601, 0.0, -3.057164192199707], "map_world_shift": [-7.30731201171875, 0.0, -12.101075172424316], "resolution": 0.05, "0": {"y_min": -2.5732548236846924}, "1": {"y_min": -0.17183990401552884}, "2": {"y_min": 2.627265531688397}}, "Cosmos": {"dim": [339, 0, 494], "central_pos": [0.8125743865966797, 0.0, -6.077634930610657], "map_world_shift": [-7.654117107391357, 0.0, -18.431058883666992], "resolution": 0.05, "0": {"y_min": -2.930432081222534}, "1": {"y_min": 0.06956791877746582}}, "Darden": {"dim": [564, 0, 314], "central_pos": [-6.9842835664749146, 0.0, -0.3617255687713623], "map_world_shift": [-21.07318115234375, 0.0, -8.210206031799316], "resolution": 0.05, "0": {"y_min": -2.1777477264404297}, "1": {"y_min": -0.3777477741241455}, "2": {"y_min": 2.822390484447042}}, "Forkland": {"dim": [389, 0, 316], "central_pos": [-2.5765992403030396, 0.0, -0.34631621837615967], "map_world_shift": [-12.289886474609375, 0.0, -8.251190662384033], "resolution": 0.05, "0": {"y_min": -2.1605653762817383}, "1": {"y_min": 0.03943467140197754}, "2": {"y_min": 2.839434862136841}}, "Hanson": {"dim": [298, 0, 486], "central_pos": [-2.0703428983688354, 0.0, -2.846951723098755], "map_world_shift": [-9.53265380859375, 0.0, -14.986817359924316], "resolution": 0.05, "0": {"y_min": -2.5026473999023438}, "1": {"y_min": -0.30169520523727833}, "2": {"y_min": 2.6977345859144335}}, "Hiteman": {"dim": [422, 0, 279], "central_pos": [5.204156935214996, 0.0, -2.179504871368408], "map_world_shift": [-5.3558109998703, 0.0, -9.16443395614624], "resolution": 0.05, "0": {"y_min": -2.9700379371643066}, "1": {"y_min": -0.16777264021150104}, "2": {"y_min": 2.8299620151519775}}, "Klickitat": {"dim": [616, 0, 610], "central_pos": [-4.839777231216431, 0.0, 4.516632795333862], "map_world_shift": [-20.233644485473633, 0.0, -10.734039783477783], "resolution": 0.05, "0": {"y_min": -3.216426134109497}, "1": {"y_min": -1.2137134827008182}, "2": {"y_min": 2.58382789716399}}, "Lakeville": {"dim": [550, 0, 542], "central_pos": [-8.83131393790245, 0.0, 3.7503209114074707], "map_world_shift": [-22.587432861328125, 0.0, -9.805756568908691], "resolution": 0.05, "0": {"y_min": 0.05705757439136505}, "1": {"y_min": 2.257499046443005}}, "Leonardo": {"dim": [445, 0, 475], "central_pos": [-0.6884734630584717, 0.0, -0.5280821323394775], "map_world_shift": [-11.824790954589844, 0.0, -12.395337104797363], "resolution": 0.05, "0": {"y_min": -2.2230231761932373}, "1": {"y_min": -0.22273799799973526}, "2": {"y_min": 2.577341996264224}}, "Lindenwood": {"dim": [505, 0, 819], "central_pos": [-3.4333648681640625, 0.0, -10.743440866470337], "map_world_shift": [-16.057464599609375, 0.0, -31.209659576416016], "resolution": 0.05, "0": {"y_min": -0.07498215138912201}, "1": {"y_min": 2.926705398790731}}, "Markleeville": {"dim": [413, 0, 335], "central_pos": [4.2895203828811646, 0.0, -2.2304354906082153], "map_world_shift": [-6.038451910018921, 0.0, -10.615571022033691], "resolution": 0.05, "0": {"y_min": -2.417789936065674}, "1": {"y_min": -0.017784470221499177}}, "Marstons": {"dim": [572, 0, 479], "central_pos": [-9.118080496788025, 0.0, -1.3230738639831543], "map_world_shift": [-23.407073974609375, 0.0, -13.306855201721191], "resolution": 0.05, "0": {"y_min": -3.00500750541687}, "1": {"y_min": -0.8035613362478367}, "2": {"y_min": 2.395094151231741}}, "Merom": {"dim": [327, 0, 415], "central_pos": [1.399746060371399, 0.0, -4.129712700843811], "map_world_shift": [-6.782521963119507, 0.0, -14.510425567626953], "resolution": 0.05, "0": {"y_min": -2.4125478267669678}, "1": {"y_min": -0.21233008353454777}}, "Mifflinburg": {"dim": [297, 0, 366], "central_pos": [-1.376846432685852, 0.0, -3.5927581191062927], "map_world_shift": [-8.795928955078125, 0.0, -12.7454833984375], "resolution": 0.05, "0": {"y_min": -1.970654010772705}, "1": {"y_min": -0.37038361738655057}, "2": {"y_min": 2.6305219099575385}}, "Newfields": {"dim": [472, 0, 372], "central_pos": [-3.5605010986328125, 0.0, -3.5311211943626404], "map_world_shift": [-15.361083984375, 0.0, -12.833283424377441], "resolution": 0.05, "0": {"y_min": -2.8957345485687256}, "1": {"y_min": -0.0957345962524414}, "2": {"y_min": 3.1042656898498535}}, "Onaga": {"dim": [291, 0, 411], "central_pos": [-1.696044921875, 0.0, -3.8245102167129517], "map_world_shift": [-8.959075927734375, 0.0, -14.087220191955566], "resolution": 0.05, "0": {"y_min": 0.17372281849384308}, "1": {"y_min": 2.173751055219137}}, "Pinesdale": {"dim": [434, 0, 635], "central_pos": [-0.8837485313415527, 0.0, -10.09160977602005], "map_world_shift": [-11.72369384765625, 0.0, -25.961692810058594], "resolution": 0.05, "0": {"y_min": -1.1738548278808594}, "1": {"y_min": 2.626145124435425}}, "Pomaria": {"dim": [467, 0, 385], "central_pos": [-6.020090103149414, 0.0, -0.6402289867401123], "map_world_shift": [-17.687000274658203, 0.0, -10.2715163230896], "resolution": 0.05, "0": {"y_min": -2.674326181411743}, "1": {"y_min": -0.47407785473684977}, "2": {"y_min": 2.5256738662719727}}, "Ranchester": {"dim": [360, 0, 601], "central_pos": [0.4731264114379883, 0.0, -9.696776926517487], "map_world_shift": [-8.53259801864624, 0.0, -24.733552932739258], "resolution": 0.05, "0": {"y_min": 0.03942108154296875}, "1": {"y_min": 2.639420986175537}}, "Shelbyville": {"dim": [406, 0, 458], "central_pos": [0.7141726016998291, 0.0, -3.0102784633636475], "map_world_shift": [-9.441558837890625, 0.0, -14.463245391845703], "resolution": 0.05, "0": {"y_min": -5.919081687927246}, "1": {"y_min": -2.919081449508667}, "2": {"y_min": 0.08091878890991211}}, "Stockman": {"dim": [446, 0, 507], "central_pos": [-2.167541742324829, 0.0, 4.885857105255127], "map_world_shift": [-13.309814453125, 0.0, -7.784989356994629], "resolution": 0.05, "0": {"y_min": -2.2615840435028076}, "1": {"y_min": -0.06135671644814167}, "2": {"y_min": 2.7384161949157715}}, "Tolstoy": {"dim": [426, 0, 469], "central_pos": [-4.350512742996216, 0.0, -6.874471932649612], "map_world_shift": [-15.008225440979004, 0.0, -18.600038528442383], "resolution": 0.05, "0": {"y_min": 0.14735715091228485}, "1": {"y_min": 2.9478507549949273}}, "Wainscott": {"dim": [415, 0, 574], "central_pos": [1.1815760135650635, 0.0, -3.604416608810425], "map_world_shift": [-9.193702220916748, 0.0, -17.950716018676758], "resolution": 0.05, "0": {"y_min": -2.953413963317871}, "1": {"y_min": -0.5520062294855452}}, "Wiconisco": {"dim": [439, 0, 442], "central_pos": [0.393479585647583, 0.0, -4.788049817085266], "map_world_shift": [-10.583983898162842, 0.0, -15.828564643859863], "resolution": 0.05, "0": {"y_min": -2.966768503189087}, "1": {"y_min": 0.033231496810913086}, "2": {"y_min": 3.033231735229492}}, "Woodbine": {"dim": [525, 0, 565], "central_pos": [-6.306426405906677, 0.0, -4.473878622055054], "map_world_shift": [-19.429412841796875, 0.0, -18.595837593078613],